date,topic,count
2010/1/1,2009 h1n1,0
2011/1/1,2009 h1n1,12
2012/1/1,2009 h1n1,0
2013/1/1,2009 h1n1,0
2014/1/1,2009 h1n1,0
2015/1/1,2009 h1n1,0
2016/1/1,2009 h1n1,0
2017/1/1,2009 h1n1,0
2018/1/1,2009 h1n1,0
2019/1/1,2009 h1n1,0
2020/1/1,2009 h1n1,0
2021/1/1,2009 h1n1,0
2022/1/1,2009 h1n1,0
2010/1/1,2009 influenza,0
2011/1/1,2009 influenza,12
2012/1/1,2009 influenza,0
2013/1/1,2009 influenza,0
2014/1/1,2009 influenza,0
2015/1/1,2009 influenza,0
2016/1/1,2009 influenza,0
2017/1/1,2009 influenza,0
2018/1/1,2009 influenza,0
2019/1/1,2009 influenza,0
2020/1/1,2009 influenza,0
2021/1/1,2009 influenza,0
2022/1/1,2009 influenza,0
2010/1/1,2019 novel,0
2011/1/1,2019 novel,0
2012/1/1,2019 novel,0
2013/1/1,2019 novel,0
2014/1/1,2019 novel,0
2015/1/1,2019 novel,0
2016/1/1,2019 novel,0
2017/1/1,2019 novel,0
2018/1/1,2019 novel,0
2019/1/1,2019 novel,0
2020/1/1,2019 novel,33
2021/1/1,2019 novel,0
2022/1/1,2019 novel,0
2010/1/1,80 adult,0
2011/1/1,80 adult,0
2012/1/1,80 adult,0
2013/1/1,80 adult,0
2014/1/1,80 adult,16
2015/1/1,80 adult,0
2016/1/1,80 adult,0
2017/1/1,80 adult,0
2018/1/1,80 adult,0
2019/1/1,80 adult,0
2020/1/1,80 adult,0
2021/1/1,80 adult,0
2022/1/1,80 adult,0
2010/1/1,acute respiratory,0
2011/1/1,acute respiratory,0
2012/1/1,acute respiratory,0
2013/1/1,acute respiratory,0
2014/1/1,acute respiratory,0
2015/1/1,acute respiratory,0
2016/1/1,acute respiratory,0
2017/1/1,acute respiratory,0
2018/1/1,acute respiratory,0
2019/1/1,acute respiratory,0
2020/1/1,acute respiratory,0
2021/1/1,acute respiratory,17
2022/1/1,acute respiratory,0
2010/1/1,adolescent adult,11
2011/1/1,adolescent adult,12
2012/1/1,adolescent adult,0
2013/1/1,adolescent adult,0
2014/1/1,adolescent adult,18
2015/1/1,adolescent adult,24
2016/1/1,adolescent adult,25
2017/1/1,adolescent adult,24
2018/1/1,adolescent adult,30
2019/1/1,adolescent adult,32
2020/1/1,adolescent adult,0
2021/1/1,adolescent adult,0
2022/1/1,adolescent adult,0
2010/1/1,adolescent female,0
2011/1/1,adolescent female,0
2012/1/1,adolescent female,0
2013/1/1,adolescent female,0
2014/1/1,adolescent female,0
2015/1/1,adolescent female,0
2016/1/1,adolescent female,0
2017/1/1,adolescent female,0
2018/1/1,adolescent female,28
2019/1/1,adolescent female,19
2020/1/1,adolescent female,0
2021/1/1,adolescent female,0
2022/1/1,adolescent female,0
2010/1/1,adolescent influenza,15
2011/1/1,adolescent influenza,28
2012/1/1,adolescent influenza,17
2013/1/1,adolescent influenza,15
2014/1/1,adolescent influenza,23
2015/1/1,adolescent influenza,0
2016/1/1,adolescent influenza,0
2017/1/1,adolescent influenza,18
2018/1/1,adolescent influenza,0
2019/1/1,adolescent influenza,0
2020/1/1,adolescent influenza,0
2021/1/1,adolescent influenza,0
2022/1/1,adolescent influenza,0
2010/1/1,adult adolescent,0
2011/1/1,adult adolescent,13
2012/1/1,adult adolescent,0
2013/1/1,adult adolescent,0
2014/1/1,adult adolescent,0
2015/1/1,adult adolescent,0
2016/1/1,adult adolescent,0
2017/1/1,adult adolescent,0
2018/1/1,adult adolescent,0
2019/1/1,adult adolescent,0
2020/1/1,adult adolescent,0
2021/1/1,adult adolescent,0
2022/1/1,adult adolescent,0
2010/1/1,adult aged,0
2011/1/1,adult aged,0
2012/1/1,adult aged,14
2013/1/1,adult aged,14
2014/1/1,adult aged,20
2015/1/1,adult aged,0
2016/1/1,adult aged,0
2017/1/1,adult aged,0
2018/1/1,adult aged,32
2019/1/1,adult aged,28
2020/1/1,adult aged,0
2021/1/1,adult aged,0
2022/1/1,adult aged,0
2010/1/1,adult female,26
2011/1/1,adult female,41
2012/1/1,adult female,26
2013/1/1,adult female,34
2014/1/1,adult female,46
2015/1/1,adult female,68
2016/1/1,adult female,81
2017/1/1,adult female,70
2018/1/1,adult female,72
2019/1/1,adult female,74
2020/1/1,adult female,41
2021/1/1,adult female,18
2022/1/1,adult female,0
2010/1/1,aged 80,13
2011/1/1,aged 80,15
2012/1/1,aged 80,19
2013/1/1,aged 80,17
2014/1/1,aged 80,24
2015/1/1,aged 80,21
2016/1/1,aged 80,35
2017/1/1,aged 80,19
2018/1/1,aged 80,47
2019/1/1,aged 80,34
2020/1/1,aged 80,24
2021/1/1,aged 80,0
2022/1/1,aged 80,0
2010/1/1,aged child,14
2011/1/1,aged child,28
2012/1/1,aged child,25
2013/1/1,aged child,26
2014/1/1,aged child,31
2015/1/1,aged child,24
2016/1/1,aged child,42
2017/1/1,aged child,32
2018/1/1,aged child,44
2019/1/1,aged child,30
2020/1/1,aged child,0
2021/1/1,aged child,0
2022/1/1,aged child,0
2010/1/1,aged male,13
2011/1/1,aged male,0
2012/1/1,aged male,0
2013/1/1,aged male,0
2014/1/1,aged male,0
2015/1/1,aged male,0
2016/1/1,aged male,33
2017/1/1,aged male,22
2018/1/1,aged male,37
2019/1/1,aged male,35
2020/1/1,aged male,23
2021/1/1,aged male,0
2022/1/1,aged male,0
2010/1/1,animals influenza,0
2011/1/1,animals influenza,0
2012/1/1,animals influenza,0
2013/1/1,animals influenza,16
2014/1/1,animals influenza,0
2015/1/1,animals influenza,0
2016/1/1,animals influenza,0
2017/1/1,animals influenza,0
2018/1/1,animals influenza,0
2019/1/1,animals influenza,0
2020/1/1,animals influenza,0
2021/1/1,animals influenza,0
2022/1/1,animals influenza,0
2010/1/1,antibodies viral,0
2011/1/1,antibodies viral,0
2012/1/1,antibodies viral,14
2013/1/1,antibodies viral,0
2014/1/1,antibodies viral,0
2015/1/1,antibodies viral,0
2016/1/1,antibodies viral,21
2017/1/1,antibodies viral,19
2018/1/1,antibodies viral,27
2019/1/1,antibodies viral,24
2020/1/1,antibodies viral,0
2021/1/1,antibodies viral,0
2022/1/1,antibodies viral,0
2010/1/1,bayes theorem,0
2011/1/1,bayes theorem,0
2012/1/1,bayes theorem,0
2013/1/1,bayes theorem,0
2014/1/1,bayes theorem,0
2015/1/1,bayes theorem,18
2016/1/1,bayes theorem,0
2017/1/1,bayes theorem,0
2018/1/1,bayes theorem,27
2019/1/1,bayes theorem,0
2020/1/1,bayes theorem,0
2021/1/1,bayes theorem,0
2022/1/1,bayes theorem,20
2010/1/1,betacorona pneumonia,0
2011/1/1,betacorona pneumonia,0
2012/1/1,betacorona pneumonia,0
2013/1/1,betacorona pneumonia,0
2014/1/1,betacorona pneumonia,0
2015/1/1,betacorona pneumonia,0
2016/1/1,betacorona pneumonia,0
2017/1/1,betacorona pneumonia,0
2018/1/1,betacorona pneumonia,0
2019/1/1,betacorona pneumonia,0
2020/1/1,betacorona pneumonia,78
2021/1/1,betacorona pneumonia,0
2022/1/1,betacorona pneumonia,0
2010/1/1,child infant,0
2011/1/1,child infant,0
2012/1/1,child infant,14
2013/1/1,child infant,0
2014/1/1,child infant,0
2015/1/1,child infant,0
2016/1/1,child infant,24
2017/1/1,child infant,0
2018/1/1,child infant,33
2019/1/1,child infant,0
2020/1/1,child infant,0
2021/1/1,child infant,0
2022/1/1,child infant,0
2010/1/1,child preschool,30
2011/1/1,child preschool,36
2012/1/1,child preschool,42
2013/1/1,child preschool,43
2014/1/1,child preschool,62
2015/1/1,child preschool,65
2016/1/1,child preschool,78
2017/1/1,child preschool,64
2018/1/1,child preschool,104
2019/1/1,child preschool,68
2020/1/1,child preschool,36
2021/1/1,child preschool,14
2022/1/1,child preschool,0
2010/1/1,control trial,0
2011/1/1,control trial,0
2012/1/1,control trial,0
2013/1/1,control trial,0
2014/1/1,control trial,0
2015/1/1,control trial,0
2016/1/1,control trial,0
2017/1/1,control trial,0
2018/1/1,control trial,0
2019/1/1,control trial,0
2020/1/1,control trial,0
2021/1/1,control trial,13
2022/1/1,control trial,0
2010/1/1,corona 2019,0
2011/1/1,corona 2019,0
2012/1/1,corona 2019,0
2013/1/1,corona 2019,0
2014/1/1,corona 2019,0
2015/1/1,corona 2019,0
2016/1/1,corona 2019,0
2017/1/1,corona 2019,0
2018/1/1,corona 2019,0
2019/1/1,corona 2019,0
2020/1/1,corona 2019,20
2021/1/1,corona 2019,15
2022/1/1,corona 2019,0
2010/1/1,corona 2019ncov,0
2011/1/1,corona 2019ncov,0
2012/1/1,corona 2019ncov,0
2013/1/1,corona 2019ncov,0
2014/1/1,corona 2019ncov,0
2015/1/1,corona 2019ncov,0
2016/1/1,corona 2019ncov,0
2017/1/1,corona 2019ncov,0
2018/1/1,corona 2019ncov,0
2019/1/1,corona 2019ncov,0
2020/1/1,corona 2019ncov,19
2021/1/1,corona 2019ncov,0
2022/1/1,corona 2019ncov,0
2010/1/1,corona covid19,0
2011/1/1,corona covid19,0
2012/1/1,corona covid19,0
2013/1/1,corona covid19,0
2014/1/1,corona covid19,0
2015/1/1,corona covid19,0
2016/1/1,corona covid19,0
2017/1/1,corona covid19,0
2018/1/1,corona covid19,0
2019/1/1,corona covid19,0
2020/1/1,corona covid19,24
2021/1/1,corona covid19,0
2022/1/1,corona covid19,0
2010/1/1,corona sarscov2,0
2011/1/1,corona sarscov2,0
2012/1/1,corona sarscov2,0
2013/1/1,corona sarscov2,0
2014/1/1,corona sarscov2,0
2015/1/1,corona sarscov2,0
2016/1/1,corona sarscov2,0
2017/1/1,corona sarscov2,0
2018/1/1,corona sarscov2,0
2019/1/1,corona sarscov2,0
2020/1/1,corona sarscov2,34
2021/1/1,corona sarscov2,0
2022/1/1,corona sarscov2,0
2010/1/1,covid19 corona,0
2011/1/1,covid19 corona,0
2012/1/1,covid19 corona,0
2013/1/1,covid19 corona,0
2014/1/1,covid19 corona,0
2015/1/1,covid19 corona,0
2016/1/1,covid19 corona,0
2017/1/1,covid19 corona,0
2018/1/1,covid19 corona,0
2019/1/1,covid19 corona,0
2020/1/1,covid19 corona,50
2021/1/1,covid19 corona,0
2022/1/1,covid19 corona,0
2010/1/1,covid19 covid19,0
2011/1/1,covid19 covid19,0
2012/1/1,covid19 covid19,0
2013/1/1,covid19 covid19,0
2014/1/1,covid19 covid19,0
2015/1/1,covid19 covid19,0
2016/1/1,covid19 covid19,0
2017/1/1,covid19 covid19,0
2018/1/1,covid19 covid19,0
2019/1/1,covid19 covid19,0
2020/1/1,covid19 covid19,0
2021/1/1,covid19 covid19,0
2022/1/1,covid19 covid19,22
2010/1/1,covid19 hospitalization,0
2011/1/1,covid19 hospitalization,0
2012/1/1,covid19 hospitalization,0
2013/1/1,covid19 hospitalization,0
2014/1/1,covid19 hospitalization,0
2015/1/1,covid19 hospitalization,0
2016/1/1,covid19 hospitalization,0
2017/1/1,covid19 hospitalization,0
2018/1/1,covid19 hospitalization,0
2019/1/1,covid19 hospitalization,0
2020/1/1,covid19 hospitalization,0
2021/1/1,covid19 hospitalization,0
2022/1/1,covid19 hospitalization,15
2010/1/1,covid19 sarscov2,0
2011/1/1,covid19 sarscov2,0
2012/1/1,covid19 sarscov2,0
2013/1/1,covid19 sarscov2,0
2014/1/1,covid19 sarscov2,0
2015/1/1,covid19 sarscov2,0
2016/1/1,covid19 sarscov2,0
2017/1/1,covid19 sarscov2,0
2018/1/1,covid19 sarscov2,0
2019/1/1,covid19 sarscov2,0
2020/1/1,covid19 sarscov2,41
2021/1/1,covid19 sarscov2,72
2022/1/1,covid19 sarscov2,104
2010/1/1,delta variants,0
2011/1/1,delta variants,0
2012/1/1,delta variants,0
2013/1/1,delta variants,0
2014/1/1,delta variants,0
2015/1/1,delta variants,0
2016/1/1,delta variants,0
2017/1/1,delta variants,0
2018/1/1,delta variants,0
2019/1/1,delta variants,0
2020/1/1,delta variants,0
2021/1/1,delta variants,13
2022/1/1,delta variants,0
2010/1/1,drug resistance,0
2011/1/1,drug resistance,0
2012/1/1,drug resistance,14
2013/1/1,drug resistance,0
2014/1/1,drug resistance,0
2015/1/1,drug resistance,24
2016/1/1,drug resistance,28
2017/1/1,drug resistance,22
2018/1/1,drug resistance,30
2019/1/1,drug resistance,31
2020/1/1,drug resistance,20
2021/1/1,drug resistance,0
2022/1/1,drug resistance,13
2010/1/1,evolution molecular,12
2011/1/1,evolution molecular,0
2012/1/1,evolution molecular,0
2013/1/1,evolution molecular,20
2014/1/1,evolution molecular,0
2015/1/1,evolution molecular,21
2016/1/1,evolution molecular,0
2017/1/1,evolution molecular,21
2018/1/1,evolution molecular,0
2019/1/1,evolution molecular,0
2020/1/1,evolution molecular,0
2021/1/1,evolution molecular,0
2022/1/1,evolution molecular,0
2010/1/1,female adult,0
2011/1/1,female adult,0
2012/1/1,female adult,0
2013/1/1,female adult,0
2014/1/1,female adult,0
2015/1/1,female adult,0
2016/1/1,female adult,24
2017/1/1,female adult,0
2018/1/1,female adult,41
2019/1/1,female adult,38
2020/1/1,female adult,0
2021/1/1,female adult,0
2022/1/1,female adult,0
2010/1/1,female aged,12
2011/1/1,female aged,14
2012/1/1,female aged,14
2013/1/1,female aged,14
2014/1/1,female aged,18
2015/1/1,female aged,22
2016/1/1,female aged,31
2017/1/1,female aged,26
2018/1/1,female aged,39
2019/1/1,female aged,26
2020/1/1,female aged,0
2021/1/1,female aged,0
2022/1/1,female aged,0
2010/1/1,female male,10
2011/1/1,female male,12
2012/1/1,female male,0
2013/1/1,female male,18
2014/1/1,female male,14
2015/1/1,female male,23
2016/1/1,female male,23
2017/1/1,female male,27
2018/1/1,female male,0
2019/1/1,female male,0
2020/1/1,female male,0
2021/1/1,female male,0
2022/1/1,female male,13
2010/1/1,fever ebola,0
2011/1/1,fever ebola,0
2012/1/1,fever ebola,0
2013/1/1,fever ebola,0
2014/1/1,fever ebola,0
2015/1/1,fever ebola,47
2016/1/1,fever ebola,23
2017/1/1,fever ebola,18
2018/1/1,fever ebola,0
2019/1/1,fever ebola,0
2020/1/1,fever ebola,0
2021/1/1,fever ebola,0
2022/1/1,fever ebola,0
2010/1/1,genetic variation,13
2011/1/1,genetic variation,0
2012/1/1,genetic variation,0
2013/1/1,genetic variation,0
2014/1/1,genetic variation,0
2015/1/1,genetic variation,18
2016/1/1,genetic variation,0
2017/1/1,genetic variation,19
2018/1/1,genetic variation,0
2019/1/1,genetic variation,0
2020/1/1,genetic variation,0
2021/1/1,genetic variation,0
2022/1/1,genetic variation,0
2010/1/1,h1n1 subtype,34
2011/1/1,h1n1 subtype,45
2012/1/1,h1n1 subtype,25
2013/1/1,h1n1 subtype,19
2014/1/1,h1n1 subtype,17
2015/1/1,h1n1 subtype,0
2016/1/1,h1n1 subtype,0
2017/1/1,h1n1 subtype,0
2018/1/1,h1n1 subtype,0
2019/1/1,h1n1 subtype,0
2020/1/1,h1n1 subtype,0
2021/1/1,h1n1 subtype,0
2022/1/1,h1n1 subtype,0
2010/1/1,hemorrhagic fever,0
2011/1/1,hemorrhagic fever,0
2012/1/1,hemorrhagic fever,0
2013/1/1,hemorrhagic fever,0
2014/1/1,hemorrhagic fever,0
2015/1/1,hemorrhagic fever,47
2016/1/1,hemorrhagic fever,23
2017/1/1,hemorrhagic fever,0
2018/1/1,hemorrhagic fever,0
2019/1/1,hemorrhagic fever,0
2020/1/1,hemorrhagic fever,0
2021/1/1,hemorrhagic fever,0
2022/1/1,hemorrhagic fever,0
2010/1/1,hostpathogen interactions,0
2011/1/1,hostpathogen interactions,0
2012/1/1,hostpathogen interactions,0
2013/1/1,hostpathogen interactions,15
2014/1/1,hostpathogen interactions,0
2015/1/1,hostpathogen interactions,21
2016/1/1,hostpathogen interactions,0
2017/1/1,hostpathogen interactions,0
2018/1/1,hostpathogen interactions,0
2019/1/1,hostpathogen interactions,0
2020/1/1,hostpathogen interactions,0
2021/1/1,hostpathogen interactions,0
2022/1/1,hostpathogen interactions,0
2010/1/1,impact covid19,0
2011/1/1,impact covid19,0
2012/1/1,impact covid19,0
2013/1/1,impact covid19,0
2014/1/1,impact covid19,0
2015/1/1,impact covid19,0
2016/1/1,impact covid19,0
2017/1/1,impact covid19,0
2018/1/1,impact covid19,0
2019/1/1,impact covid19,0
2020/1/1,impact covid19,0
2021/1/1,impact covid19,20
2022/1/1,impact covid19,0
2010/1/1,infant male,10
2011/1/1,infant male,15
2012/1/1,infant male,15
2013/1/1,infant male,13
2014/1/1,infant male,19
2015/1/1,infant male,25
2016/1/1,infant male,33
2017/1/1,infant male,28
2018/1/1,infant male,51
2019/1/1,infant male,0
2020/1/1,infant male,0
2021/1/1,infant male,0
2022/1/1,infant male,0
2010/1/1,infant newborn,10
2011/1/1,infant newborn,0
2012/1/1,infant newborn,19
2013/1/1,infant newborn,0
2014/1/1,infant newborn,19
2015/1/1,infant newborn,28
2016/1/1,infant newborn,39
2017/1/1,infant newborn,24
2018/1/1,infant newborn,43
2019/1/1,infant newborn,32
2020/1/1,infant newborn,0
2021/1/1,infant newborn,0
2022/1/1,infant newborn,0
2010/1/1,influenza adolescent,0
2011/1/1,influenza adolescent,0
2012/1/1,influenza adolescent,14
2013/1/1,influenza adolescent,0
2014/1/1,influenza adolescent,0
2015/1/1,influenza adolescent,0
2016/1/1,influenza adolescent,0
2017/1/1,influenza adolescent,0
2018/1/1,influenza adolescent,0
2019/1/1,influenza adolescent,0
2020/1/1,influenza adolescent,0
2021/1/1,influenza adolescent,0
2022/1/1,influenza adolescent,0
2010/1/1,influenza birds,0
2011/1/1,influenza birds,0
2012/1/1,influenza birds,0
2013/1/1,influenza birds,16
2014/1/1,influenza birds,0
2015/1/1,influenza birds,0
2016/1/1,influenza birds,0
2017/1/1,influenza birds,0
2018/1/1,influenza birds,0
2019/1/1,influenza birds,0
2020/1/1,influenza birds,0
2021/1/1,influenza birds,0
2022/1/1,influenza birds,0
2010/1/1,influenza h1n1,34
2011/1/1,influenza h1n1,45
2012/1/1,influenza h1n1,26
2013/1/1,influenza h1n1,19
2014/1/1,influenza h1n1,17
2015/1/1,influenza h1n1,0
2016/1/1,influenza h1n1,0
2017/1/1,influenza h1n1,0
2018/1/1,influenza h1n1,0
2019/1/1,influenza h1n1,0
2020/1/1,influenza h1n1,0
2021/1/1,influenza h1n1,0
2022/1/1,influenza h1n1,0
2010/1/1,influenza influenza,35
2011/1/1,influenza influenza,37
2012/1/1,influenza influenza,23
2013/1/1,influenza influenza,25
2014/1/1,influenza influenza,29
2015/1/1,influenza influenza,0
2016/1/1,influenza influenza,0
2017/1/1,influenza influenza,0
2018/1/1,influenza influenza,0
2019/1/1,influenza influenza,19
2020/1/1,influenza influenza,0
2021/1/1,influenza influenza,0
2022/1/1,influenza influenza,0
2010/1/1,male female,0
2011/1/1,male female,0
2012/1/1,male female,0
2013/1/1,male female,0
2014/1/1,male female,0
2015/1/1,male female,0
2016/1/1,male female,0
2017/1/1,male female,0
2018/1/1,male female,0
2019/1/1,male female,0
2020/1/1,male female,0
2021/1/1,male female,0
2022/1/1,male female,13
2010/1/1,middle aged,40
2011/1/1,middle aged,55
2012/1/1,middle aged,43
2013/1/1,middle aged,57
2014/1/1,middle aged,68
2015/1/1,middle aged,81
2016/1/1,middle aged,109
2017/1/1,middle aged,93
2018/1/1,middle aged,128
2019/1/1,middle aged,123
2020/1/1,middle aged,76
2021/1/1,middle aged,35
2022/1/1,middle aged,14
2010/1/1,novel corona,0
2011/1/1,novel corona,0
2012/1/1,novel corona,0
2013/1/1,novel corona,0
2014/1/1,novel corona,0
2015/1/1,novel corona,0
2016/1/1,novel corona,0
2017/1/1,novel corona,0
2018/1/1,novel corona,0
2019/1/1,novel corona,0
2020/1/1,novel corona,78
2021/1/1,novel corona,0
2022/1/1,novel corona,0
2010/1/1,omicron variants,0
2011/1/1,omicron variants,0
2012/1/1,omicron variants,0
2013/1/1,omicron variants,0
2014/1/1,omicron variants,0
2015/1/1,omicron variants,0
2016/1/1,omicron variants,0
2017/1/1,omicron variants,0
2018/1/1,omicron variants,0
2019/1/1,omicron variants,0
2020/1/1,omicron variants,0
2021/1/1,omicron variants,0
2022/1/1,omicron variants,20
2010/1/1,pneumonia viral,0
2011/1/1,pneumonia viral,0
2012/1/1,pneumonia viral,0
2013/1/1,pneumonia viral,0
2014/1/1,pneumonia viral,0
2015/1/1,pneumonia viral,0
2016/1/1,pneumonia viral,0
2017/1/1,pneumonia viral,0
2018/1/1,pneumonia viral,0
2019/1/1,pneumonia viral,0
2020/1/1,pneumonia viral,132
2021/1/1,pneumonia viral,0
2022/1/1,pneumonia viral,0
2010/1/1,pre prophylaxis,0
2011/1/1,pre prophylaxis,0
2012/1/1,pre prophylaxis,0
2013/1/1,pre prophylaxis,0
2014/1/1,pre prophylaxis,0
2015/1/1,pre prophylaxis,0
2016/1/1,pre prophylaxis,0
2017/1/1,pre prophylaxis,0
2018/1/1,pre prophylaxis,0
2019/1/1,pre prophylaxis,0
2020/1/1,pre prophylaxis,0
2021/1/1,pre prophylaxis,0
2022/1/1,pre prophylaxis,14
2010/1/1,preschool infant,15
2011/1/1,preschool infant,21
2012/1/1,preschool infant,17
2013/1/1,preschool infant,18
2014/1/1,preschool infant,31
2015/1/1,preschool infant,28
2016/1/1,preschool infant,36
2017/1/1,preschool infant,31
2018/1/1,preschool infant,47
2019/1/1,preschool infant,25
2020/1/1,preschool infant,0
2021/1/1,preschool infant,0
2022/1/1,preschool infant,0
2010/1/1,preschool male,0
2011/1/1,preschool male,0
2012/1/1,preschool male,0
2013/1/1,preschool male,0
2014/1/1,preschool male,0
2015/1/1,preschool male,0
2016/1/1,preschool male,0
2017/1/1,preschool male,0
2018/1/1,preschool male,0
2019/1/1,preschool male,22
2020/1/1,preschool male,0
2021/1/1,preschool male,0
2022/1/1,preschool male,0
2010/1/1,respiratory syndrome,0
2011/1/1,respiratory syndrome,0
2012/1/1,respiratory syndrome,0
2013/1/1,respiratory syndrome,0
2014/1/1,respiratory syndrome,0
2015/1/1,respiratory syndrome,0
2016/1/1,respiratory syndrome,0
2017/1/1,respiratory syndrome,0
2018/1/1,respiratory syndrome,0
2019/1/1,respiratory syndrome,0
2020/1/1,respiratory syndrome,0
2021/1/1,respiratory syndrome,14
2022/1/1,respiratory syndrome,0
2010/1/1,sarscov2 betacorona,0
2011/1/1,sarscov2 betacorona,0
2012/1/1,sarscov2 betacorona,0
2013/1/1,sarscov2 betacorona,0
2014/1/1,sarscov2 betacorona,0
2015/1/1,sarscov2 betacorona,0
2016/1/1,sarscov2 betacorona,0
2017/1/1,sarscov2 betacorona,0
2018/1/1,sarscov2 betacorona,0
2019/1/1,sarscov2 betacorona,0
2020/1/1,sarscov2 betacorona,24
2021/1/1,sarscov2 betacorona,0
2022/1/1,sarscov2 betacorona,0
2010/1/1,sarscov2 covid19,0
2011/1/1,sarscov2 covid19,0
2012/1/1,sarscov2 covid19,0
2013/1/1,sarscov2 covid19,0
2014/1/1,sarscov2 covid19,0
2015/1/1,sarscov2 covid19,0
2016/1/1,sarscov2 covid19,0
2017/1/1,sarscov2 covid19,0
2018/1/1,sarscov2 covid19,0
2019/1/1,sarscov2 covid19,0
2020/1/1,sarscov2 covid19,0
2021/1/1,sarscov2 covid19,24
2022/1/1,sarscov2 covid19,22
2010/1/1,sarscov2 omicron,0
2011/1/1,sarscov2 omicron,0
2012/1/1,sarscov2 omicron,0
2013/1/1,sarscov2 omicron,0
2014/1/1,sarscov2 omicron,0
2015/1/1,sarscov2 omicron,0
2016/1/1,sarscov2 omicron,0
2017/1/1,sarscov2 omicron,0
2018/1/1,sarscov2 omicron,0
2019/1/1,sarscov2 omicron,0
2020/1/1,sarscov2 omicron,0
2021/1/1,sarscov2 omicron,0
2022/1/1,sarscov2 omicron,22
2010/1/1,sarscov2 transmission,0
2011/1/1,sarscov2 transmission,0
2012/1/1,sarscov2 transmission,0
2013/1/1,sarscov2 transmission,0
2014/1/1,sarscov2 transmission,0
2015/1/1,sarscov2 transmission,0
2016/1/1,sarscov2 transmission,0
2017/1/1,sarscov2 transmission,0
2018/1/1,sarscov2 transmission,0
2019/1/1,sarscov2 transmission,0
2020/1/1,sarscov2 transmission,0
2021/1/1,sarscov2 transmission,36
2022/1/1,sarscov2 transmission,26
2010/1/1,sarscov2 variants,0
2011/1/1,sarscov2 variants,0
2012/1/1,sarscov2 variants,0
2013/1/1,sarscov2 variants,0
2014/1/1,sarscov2 variants,0
2015/1/1,sarscov2 variants,0
2016/1/1,sarscov2 variants,0
2017/1/1,sarscov2 variants,0
2018/1/1,sarscov2 variants,0
2019/1/1,sarscov2 variants,0
2020/1/1,sarscov2 variants,0
2021/1/1,sarscov2 variants,19
2022/1/1,sarscov2 variants,38
2010/1/1,severity acute,0
2011/1/1,severity acute,0
2012/1/1,severity acute,0
2013/1/1,severity acute,0
2014/1/1,severity acute,0
2015/1/1,severity acute,0
2016/1/1,severity acute,0
2017/1/1,severity acute,0
2018/1/1,severity acute,0
2019/1/1,severity acute,0
2020/1/1,severity acute,0
2021/1/1,severity acute,13
2022/1/1,severity acute,0
2010/1/1,sex men,0
2011/1/1,sex men,0
2012/1/1,sex men,0
2013/1/1,sex men,0
2014/1/1,sex men,0
2015/1/1,sex men,0
2016/1/1,sex men,0
2017/1/1,sex men,0
2018/1/1,sex men,0
2019/1/1,sex men,0
2020/1/1,sex men,0
2021/1/1,sex men,0
2022/1/1,sex men,13
2010/1/1,south africa,0
2011/1/1,south africa,0
2012/1/1,south africa,0
2013/1/1,south africa,0
2014/1/1,south africa,0
2015/1/1,south africa,0
2016/1/1,south africa,0
2017/1/1,south africa,0
2018/1/1,south africa,0
2019/1/1,south africa,0
2020/1/1,south africa,0
2021/1/1,south africa,18
2022/1/1,south africa,22
2010/1/1,subtype adult,0
2011/1/1,subtype adult,20
2012/1/1,subtype adult,0
2013/1/1,subtype adult,0
2014/1/1,subtype adult,0
2015/1/1,subtype adult,0
2016/1/1,subtype adult,0
2017/1/1,subtype adult,0
2018/1/1,subtype adult,0
2019/1/1,subtype adult,0
2020/1/1,subtype adult,0
2021/1/1,subtype adult,0
2022/1/1,subtype adult,0
2010/1/1,systematic meta,0
2011/1/1,systematic meta,0
2012/1/1,systematic meta,0
2013/1/1,systematic meta,0
2014/1/1,systematic meta,0
2015/1/1,systematic meta,0
2016/1/1,systematic meta,0
2017/1/1,systematic meta,0
2018/1/1,systematic meta,0
2019/1/1,systematic meta,0
2020/1/1,systematic meta,0
2021/1/1,systematic meta,17
2022/1/1,systematic meta,19
2010/1/1,transmission sarscov2,0
2011/1/1,transmission sarscov2,0
2012/1/1,transmission sarscov2,0
2013/1/1,transmission sarscov2,0
2014/1/1,transmission sarscov2,0
2015/1/1,transmission sarscov2,0
2016/1/1,transmission sarscov2,0
2017/1/1,transmission sarscov2,0
2018/1/1,transmission sarscov2,0
2019/1/1,transmission sarscov2,0
2020/1/1,transmission sarscov2,0
2021/1/1,transmission sarscov2,22
2022/1/1,transmission sarscov2,0
2010/1/1,treatment outcome,0
2011/1/1,treatment outcome,0
2012/1/1,treatment outcome,0
2013/1/1,treatment outcome,0
2014/1/1,treatment outcome,16
2015/1/1,treatment outcome,0
2016/1/1,treatment outcome,0
2017/1/1,treatment outcome,0
2018/1/1,treatment outcome,0
2019/1/1,treatment outcome,22
2020/1/1,treatment outcome,0
2021/1/1,treatment outcome,0
2022/1/1,treatment outcome,0
2010/1/1,viral load,0
2011/1/1,viral load,0
2012/1/1,viral load,0
2013/1/1,viral load,0
2014/1/1,viral load,0
2015/1/1,viral load,0
2016/1/1,viral load,0
2017/1/1,viral load,0
2018/1/1,viral load,0
2019/1/1,viral load,0
2020/1/1,viral load,21
2021/1/1,viral load,17
2022/1/1,viral load,14
2010/1/1,young adult,36
2011/1/1,young adult,44
2012/1/1,young adult,38
2013/1/1,young adult,43
2014/1/1,young adult,62
2015/1/1,young adult,71
2016/1/1,young adult,88
2017/1/1,young adult,81
2018/1/1,young adult,117
2019/1/1,young adult,107
2020/1/1,young adult,51
2021/1/1,young adult,21
2022/1/1,young adult,13
